{"_wandb": {"runtime": 3}, "train/loss": 2667577868288.0, "eval/log_Z": {"_type": "histogram", "values": [2, 2, 9, 14, 23, 44, 81, 112, 111, 140, 164, 169, 173, 178, 181, 133, 135, 88, 77, 47, 39, 31, 18, 13, 4, 6, 1, 2, 1, 1, 0, 1], "bins": [-260528.6875, -260527.421875, -260526.15625, -260524.890625, -260523.625, -260522.359375, -260521.09375, -260519.828125, -260518.5625, -260517.296875, -260516.03125, -260514.765625, -260513.5, -260512.234375, -260510.96875, -260509.703125, -260508.4375, -260507.1875, -260505.921875, -260504.65625, -260503.390625, -260502.125, -260500.859375, -260499.59375, -260498.328125, -260497.0625, -260495.796875, -260494.53125, -260493.265625, -260492.0, -260490.734375, -260489.46875, -260488.203125]}, "eval/log_Z_lb": -34006272.0, "eval/log_Z_learned": -0.10000000149011612, "eval/mean_log_likelihood": -65.28449249267578, "1-Wasserstein": 8.241383184194559, "2-Wasserstein": 8.27198092673471, "Linear_MMD": 7.861144542694092, "Poly_MMD": 133.5637969970703, "RBF_MMD": 0.33350634574890137, "Mean_MSE": 0.1133178174495697, "Mean_L2": 0.33662711930201006, "Mean_L1": 0.2811305820941925, "Median_MSE": 0.113796167075634, "Median_L2": 0.33733687476413543, "Median_L1": 0.2845139503479004, "_timestamp": 1714655207.1736689, "_runtime": 5.807755947113037, "_step": 0}