{"train/loss": 2.4509586749011315e+27, "eval/log_Z": {"_type": "histogram", "values": [0, 1, 0, 0, 0, 6, 0, 0, 0, 39, 0, 0, 0, 199, 0, 0, 0, 572, 0, 0, 0, 726, 0, 0, 0, 380, 0, 0, 0, 72, 0, 5], "bins": [-67921443291136.0, -67921443291136.0, -67921443291136.0, -67921439096832.0, -67921439096832.0, -67921439096832.0, -67921434902528.0, -67921434902528.0, -67921434902528.0, -67921434902528.0, -67921434902528.0, -67921430708224.0, -67921430708224.0, -67921430708224.0, -67921426513920.0, -67921426513920.0, -67921426513920.0, -67921426513920.0, -67921426513920.0, -67921422319616.0, -67921422319616.0, -67921422319616.0, -67921418125312.0, -67921418125312.0, -67921418125312.0, -67921418125312.0, -67921418125312.0, -67921413931008.0, -67921413931008.0, -67921413931008.0, -67921409736704.0, -67921409736704.0, -67921409736704.0]}, "eval/log_Z_lb": -70300557377536.0, "eval/log_Z_learned": -134.7216033935547, "eval/mean_log_likelihood": -74213.3125, "1-Wasserstein": 59551.87112304688, "2-Wasserstein": 59552.32568207557, "Linear_MMD": 3546425600.0, "Poly_MMD": 1.2577763210385424e+19, "RBF_MMD": Infinity, "Mean_MSE": 53733728.0, "Mean_L2": 7330.329324116346, "Mean_L1": 7319.041015625, "Median_MSE": 53749640.0, "Median_L2": 7331.414597470259, "Median_L1": 7320.12890625, "visualization/rama_pred": {"_type": "image-file", "sha256": "6ac8d7dd3a060085da6b445902f30650046b6f943f43d4c29a9ddfee60702d69", "size": 5428, "path": "media/images/visualization/rama_pred_4200_6ac8d7dd3a060085da6b.png", "format": "png", "width": 400, "height": 400}, "visualization/rama_gt": {"_type": "image-file", "sha256": "4778fd8949ba880e11acd4ced65dad8b959b5a64f2a995f0e7a5ec1cd07f4bce", "size": 8764, "path": "media/images/visualization/rama_gt_4200_4778fd8949ba880e11ac.png", "format": "png", "width": 400, "height": 400}, "_timestamp": 1714735786.2394478, "_runtime": 720.1447458267212, "_step": 4300, "_wandb": {"runtime": 729}}