{"train/loss": 54.55994415283203, "eval/log_Z": {"_type": "histogram", "values": [1, 1, 1, 2, 2, 4, 6, 10, 3, 5, 13, 11, 15, 15, 24, 31, 35, 56, 71, 95, 157, 236, 241, 252, 248, 187, 132, 80, 38, 21, 5, 2], "bins": [35.4853515625, 37.913116455078125, 40.34088134765625, 42.768646240234375, 45.1964111328125, 47.624176025390625, 50.05194091796875, 52.479705810546875, 54.907470703125, 57.335235595703125, 59.76300048828125, 62.190765380859375, 64.6185302734375, 67.04629516601562, 69.47406005859375, 71.90182495117188, 74.32958984375, 76.75735473632812, 79.18511962890625, 81.61288452148438, 84.0406494140625, 86.46841430664062, 88.89617919921875, 91.32394409179688, 93.751708984375, 96.17947387695312, 98.60723876953125, 101.03500366210938, 103.4627685546875, 105.89053344726562, 108.31829833984375, 110.74606323242188, 113.173828125]}, "eval/log_Z_lb": 89.52496337890625, "eval/log_Z_learned": 88.95704650878906, "eval/mean_log_likelihood": -21.51780128479004, "1-Wasserstein": 7.964031998395909, "2-Wasserstein": 8.02079604385097, "Linear_MMD": 5.756690979003906, "Poly_MMD": 117.52586364746094, "RBF_MMD": 0.3162088394165039, "Mean_MSE": 0.08728136867284775, "Mean_L2": 0.29543420362721673, "Mean_L1": 0.25366413593292236, "Median_MSE": 0.0823921412229538, "Median_L2": 0.2870403128881966, "Median_L1": 0.24550150334835052, "visualization/rama_pred": {"_type": "image-file", "sha256": "a540f2af28cd3842338ee023f93254907852875fe4c7214c7a4266ef9329ea79", "size": 9183, "path": "media/images/visualization/rama_pred_4800_a540f2af28cd3842338e.png", "format": "png", "width": 400, "height": 400}, "visualization/rama_gt": {"_type": "image-file", "sha256": "4ff9e3e2891d00d001a42c383af21cc3593c840b4d407d4cfc8e4cfa46daa12b", "size": 8831, "path": "media/images/visualization/rama_gt_4800_4ff9e3e2891d00d001a4.png", "format": "png", "width": 400, "height": 400}, "_timestamp": 1714744502.345071, "_runtime": 627.4185500144958, "_step": 4900, "_wandb": {"runtime": 631}}