{"train/loss": 22330919092224.0, "eval/log_Z": {"_type": "histogram", "values": [1, 1, 0, 5, 13, 17, 23, 29, 55, 57, 73, 100, 157, 156, 170, 167, 173, 143, 171, 106, 99, 103, 69, 52, 30, 9, 7, 12, 0, 0, 0, 2], "bins": [-10109.7392578125, -10105.4931640625, -10101.248046875, -10097.001953125, -10092.755859375, -10088.5107421875, -10084.2646484375, -10080.0185546875, -10075.7734375, -10071.52734375, -10067.28125, -10063.0361328125, -10058.7900390625, -10054.5439453125, -10050.298828125, -10046.052734375, -10041.806640625, -10037.5615234375, -10033.3154296875, -10029.0703125, -10024.82421875, -10020.578125, -10016.3330078125, -10012.0869140625, -10007.8408203125, -10003.595703125, -9999.349609375, -9995.103515625, -9990.8583984375, -9986.6123046875, -9982.3662109375, -9978.12109375, -9973.875]}, "eval/log_Z_lb": -5107930.0, "eval/log_Z_learned": -10.18751049041748, "eval/mean_log_likelihood": -274.65216064453125, "1-Wasserstein": 17.82630076074603, "2-Wasserstein": 18.0721694600923, "Linear_MMD": 254.9577178955078, "Poly_MMD": 79108.5859375, "RBF_MMD": 1.25217604637146, "Mean_MSE": 3.867084264755249, "Mean_L2": 1.9664903418921866, "Mean_L1": 1.694904088973999, "Median_MSE": 3.825442314147949, "Median_L2": 1.955873798113761, "Median_L1": 1.6852810382843018, "_timestamp": 1714653244.7821186, "_runtime": 1107.6027204990387, "_step": 6500, "_wandb": {"runtime": 1123}}