{"train/loss": 371915.5625, "eval/log_Z": {"_type": "histogram", "values": [2, 9, 3, 6, 8, 17, 26, 32, 40, 73, 91, 106, 124, 142, 165, 165, 180, 184, 152, 144, 102, 81, 54, 25, 26, 19, 7, 7, 7, 2, 0, 1], "bins": [-951.1845703125, -948.7530517578125, -946.3214721679688, -943.889892578125, -941.4583740234375, -939.02685546875, -936.5952758789062, -934.1636962890625, -931.732177734375, -929.3006591796875, -926.8690795898438, -924.4375, -922.0059814453125, -919.574462890625, -917.1428833007812, -914.7113037109375, -912.27978515625, -909.8482666015625, -907.4166870117188, -904.985107421875, -902.5535888671875, -900.1220703125, -897.6904907226562, -895.2589111328125, -892.827392578125, -890.3958740234375, -887.9642944335938, -885.53271484375, -883.1011962890625, -880.669677734375, -878.2380981445312, -875.8065185546875, -873.375]}, "eval/log_Z_lb": -912.94580078125, "eval/log_Z_learned": -4.465444564819336, "eval/mean_log_likelihood": -114.5505142211914, "1-Wasserstein": 22.239446561813345, "2-Wasserstein": 22.374255299029684, "Linear_MMD": 50.46765899658203, "Poly_MMD": 13572.1669921875, "RBF_MMD": 1.0381989479064941, "Mean_MSE": 0.8040382862091064, "Mean_L2": 0.896681819938994, "Mean_L1": 0.7375057339668274, "Median_MSE": 0.8203980326652527, "Median_L2": 0.9057582639232461, "Median_L1": 0.7436691522598267, "_timestamp": 1714657464.5387182, "_runtime": 172.23170232772827, "_step": 400, "_wandb": {"runtime": 201}}