{"train/loss": 1281.20947265625, "eval/log_Z": {"_type": "histogram", "values": [1, 3, 2, 3, 19, 10, 20, 59, 54, 90, 128, 146, 149, 170, 187, 167, 157, 150, 111, 118, 77, 52, 39, 35, 14, 17, 9, 5, 3, 2, 1, 2], "bins": [26.66796875, 28.268646240234375, 29.86932373046875, 31.470001220703125, 33.0706787109375, 34.671356201171875, 36.27203369140625, 37.872711181640625, 39.473388671875, 41.074066162109375, 42.67474365234375, 44.275421142578125, 45.8760986328125, 47.476776123046875, 49.07745361328125, 50.678131103515625, 52.27880859375, 53.879486083984375, 55.48016357421875, 57.080841064453125, 58.6815185546875, 60.282196044921875, 61.88287353515625, 63.483551025390625, 65.084228515625, 66.68490600585938, 68.28558349609375, 69.88626098632812, 71.4869384765625, 73.08761596679688, 74.68829345703125, 76.28897094726562, 77.8896484375]}, "eval/log_Z_lb": 50.58826446533203, "eval/log_Z_learned": 0.5576295256614685, "eval/mean_log_likelihood": -27.53491973876953, "1-Wasserstein": 6.38313616728783, "2-Wasserstein": 6.420809327744311, "Linear_MMD": -0.011266623623669147, "Poly_MMD": 42.00951385498047, "RBF_MMD": 0.24549651145935059, "Mean_MSE": 0.0005936787347309291, "Mean_L2": 0.024365523485673956, "Mean_L1": 0.019404513761401176, "Median_MSE": 0.0008895919308997691, "Median_L2": 0.02982602774255682, "Median_L1": 0.02366885356605053, "visualization/rama_pred": {"_type": "image-file", "sha256": "42d2d3c856986321c072fc4dc949724b08737a419fb29453553aa7b6e5980749", "size": 9408, "path": "media/images/visualization/rama_pred_14500_42d2d3c856986321c072.png", "format": "png", "width": 400, "height": 400}, "visualization/rama_gt": {"_type": "image-file", "sha256": "df917a1c89f1543079fc467f08670f75f2dac0a0d9c6eb829b0cd6994626ba7a", "size": 8888, "path": "media/images/visualization/rama_gt_14500_df917a1c89f1543079fc.png", "format": "png", "width": 400, "height": 400}, "_timestamp": 1714741482.6354418, "_runtime": 1793.0561838150024, "_step": 14600, "_wandb": {"runtime": 1799}}