{"train/loss": 37.96158218383789, "eval/log_Z": {"_type": "histogram", "values": [1, 0, 1, 5, 3, 11, 13, 15, 33, 61, 83, 118, 127, 166, 159, 188, 212, 165, 150, 153, 104, 73, 61, 42, 18, 16, 9, 9, 2, 1, 0, 1], "bins": [-10.66650390625, -8.673309326171875, -6.68011474609375, -4.686920166015625, -2.6937255859375, -0.700531005859375, 1.29266357421875, 3.285858154296875, 5.279052734375, 7.272247314453125, 9.26544189453125, 11.258636474609375, 13.2518310546875, 15.245025634765625, 17.23822021484375, 19.231414794921875, 21.224609375, 23.217803955078125, 25.21099853515625, 27.204193115234375, 29.1973876953125, 31.190582275390625, 33.18377685546875, 35.176971435546875, 37.170166015625, 39.163360595703125, 41.15655517578125, 43.149749755859375, 45.1429443359375, 47.136138916015625, 49.12933349609375, 51.122528076171875, 53.11572265625]}, "eval/log_Z_lb": 21.32583999633789, "eval/log_Z_learned": 22.9370174407959, "eval/mean_log_likelihood": -129.24215698242188, "1-Wasserstein": 24.4072367477417, "2-Wasserstein": 24.53240047685383, "Linear_MMD": 90.50333404541016, "Poly_MMD": 14812.34765625, "RBF_MMD": 1.1167793273925781, "Mean_MSE": 1.4219659566879272, "Mean_L2": 1.1924621405679625, "Mean_L1": 0.9645296931266785, "Median_MSE": 1.4060044288635254, "Median_L2": 1.185750576159896, "Median_L1": 0.9634870290756226, "_timestamp": 1714677140.9923918, "_runtime": 12868.033542871475, "_step": 25000, "_wandb": {"runtime": 12868}}