{"_wandb": {"runtime": 6}, "train/loss": 4368.009765625, "eval/log_Z": {"_type": "histogram", "values": [2, 2, 9, 14, 23, 44, 81, 113, 110, 141, 164, 167, 174, 178, 181, 133, 135, 89, 76, 48, 38, 31, 18, 13, 4, 6, 1, 2, 1, 1, 0, 1], "bins": [77.3916015625, 78.65676879882812, 79.92193603515625, 81.18710327148438, 82.4522705078125, 83.71743774414062, 84.98260498046875, 86.24777221679688, 87.512939453125, 88.77810668945312, 90.04327392578125, 91.30844116210938, 92.5736083984375, 93.83877563476562, 95.10394287109375, 96.36911010742188, 97.63427734375, 98.89944458007812, 100.16461181640625, 101.42977905273438, 102.6949462890625, 103.96011352539062, 105.22528076171875, 106.49044799804688, 107.755615234375, 109.02078247070312, 110.28594970703125, 111.55111694335938, 112.8162841796875, 114.08145141601562, 115.34661865234375, 116.61178588867188, 117.876953125]}, "eval/log_Z_lb": 93.6249008178711, "eval/log_Z_learned": 0.10000000149011612, "eval/mean_log_likelihood": -66.66178131103516, "1-Wasserstein": 8.418501393318175, "2-Wasserstein": 8.449957107119062, "Linear_MMD": 10.572288513183594, "Poly_MMD": 187.57810974121094, "RBF_MMD": 0.35237884521484375, "Mean_MSE": 0.15479770302772522, "Mean_L2": 0.3934433924057249, "Mean_L1": 0.32737672328948975, "Median_MSE": 0.155975803732872, "Median_L2": 0.3949377213344808, "Median_L1": 0.3292301297187805, "_timestamp": 1714647147.308934, "_runtime": 3.712843894958496, "_step": 0}