{"train/loss": 1.8175878971890074e+17, "eval/log_Z": {"_type": "histogram", "values": [2, 0, 1, 2, 3, 12, 13, 14, 30, 41, 41, 73, 107, 114, 140, 131, 164, 158, 104, 170, 158, 98, 113, 75, 67, 62, 33, 25, 25, 13, 2, 9], "bins": [-538880256.0, -538879936.0, -538879680.0, -538879360.0, -538879040.0, -538878784.0, -538878464.0, -538878144.0, -538877888.0, -538877568.0, -538877248.0, -538876992.0, -538876672.0, -538876352.0, -538876096.0, -538875776.0, -538875520.0, -538875200.0, -538874880.0, -538874624.0, -538874304.0, -538873984.0, -538873728.0, -538873408.0, -538873088.0, -538872832.0, -538872512.0, -538872192.0, -538871936.0, -538871616.0, -538871296.0, -538871040.0, -538870720.0]}, "eval/log_Z_lb": -588177984.0, "eval/log_Z_learned": -6.9554290771484375, "eval/mean_log_likelihood": -1852730.5, "1-Wasserstein": 219.55334807586667, "2-Wasserstein": 219.55536174081607, "Linear_MMD": 48143.53125, "Poly_MMD": 2354669056.0, "RBF_MMD": 3.5208117961883545, "Mean_MSE": 729.4454345703125, "Mean_L2": 27.008247528677465, "Mean_L1": 23.46375846862793, "Median_MSE": 729.357666015625, "Median_L2": 27.00662263252525, "Median_L1": 23.46248435974121, "visualization/rama_pred": {"_type": "image-file", "sha256": "5d1315239b8b7dddc1091bf540578ae46523fca051e65d0b43eeeb256a41ead9", "size": 6940, "path": "media/images/visualization/rama_pred_1000_5d1315239b8b7dddc109.png", "format": "png", "width": 600, "height": 600}, "visualization/rama_gt": {"_type": "image-file", "sha256": "e89af04fbed58dc94e05c16b45955f9ecf657fa4e8bdd757bee0cef6df0ab89c", "size": 10953, "path": "media/images/visualization/rama_gt_1000_e89af04fbed58dc94e05.png", "format": "png", "width": 600, "height": 600}, "_timestamp": 1714734700.6361017, "_runtime": 454.07114481925964, "_step": 1100, "_wandb": {"runtime": 487}}