{"train/loss": 867.282470703125, "eval/log_Z": {"_type": "histogram", "values": [1, 0, 2, 5, 18, 43, 58, 69, 139, 177, 222, 209, 214, 158, 168, 144, 104, 80, 57, 58, 35, 15, 7, 7, 4, 2, 0, 0, 1, 2, 0, 1], "bins": [33.12788009643555, 34.74906539916992, 36.3702507019043, 37.99143600463867, 39.61262130737305, 41.23380661010742, 42.8549919128418, 44.47617721557617, 46.09736251831055, 47.71854782104492, 49.3397331237793, 50.96091842651367, 52.58210372924805, 54.20328903198242, 55.8244743347168, 57.44565963745117, 59.06684875488281, 60.68803405761719, 62.30921936035156, 63.93040466308594, 65.55158996582031, 67.17277526855469, 68.79396057128906, 70.41514587402344, 72.03633117675781, 73.65751647949219, 75.27870178222656, 76.89988708496094, 78.52107238769531, 80.14225769042969, 81.76344299316406, 83.38462829589844, 85.00581359863281]}, "eval/log_Z_lb": -140637200.0, "eval/log_Z_learned": -0.07505086064338684, "eval/mean_log_likelihood": -50.27841567993164, "1-Wasserstein": 7.1750735142231, "2-Wasserstein": 7.21026159905803, "Linear_MMD": -0.09555177390575409, "Poly_MMD": 47.574440002441406, "RBF_MMD": 0.2636990547180176, "Mean_MSE": 0.000501222035381943, "Mean_L2": 0.02238798864083022, "Mean_L1": 0.01834111474454403, "Median_MSE": 0.0008887079893611372, "Median_L2": 0.02981120576832036, "Median_L1": 0.022510305047035217, "visualization/rama_pred": {"_type": "image-file", "sha256": "4c241d30054f18a7f3dfed4e6dff06e5d732c22bd9c1fdae806a5ebee66fdb36", "size": 9422, "path": "media/images/visualization/rama_pred_2400_4c241d30054f18a7f3df.png", "format": "png", "width": 400, "height": 400}, "visualization/rama_gt": {"_type": "image-file", "sha256": "48f3eac8696751bbd8f233d318888b26425e426b28d83e14dfef7870830a5b06", "size": 8781, "path": "media/images/visualization/rama_gt_2400_48f3eac8696751bbd8f2.png", "format": "png", "width": 400, "height": 400}, "_timestamp": 1714739680.7666957, "_runtime": 318.7158327102661, "_step": 2500, "_wandb": {"runtime": 322}}