{"train/loss": 8.740049540150723e+17, "eval/log_Z": {"_type": "histogram", "values": [1, 4, 2, 9, 5, 9, 11, 18, 32, 83, 50, 79, 85, 121, 106, 257, 149, 139, 130, 106, 115, 104, 162, 66, 45, 22, 32, 21, 19, 10, 2, 6], "bins": [-1173222016.0, -1173221888.0, -1173221760.0, -1173221632.0, -1173221376.0, -1173221248.0, -1173221120.0, -1173220992.0, -1173220864.0, -1173220736.0, -1173220480.0, -1173220352.0, -1173220224.0, -1173220096.0, -1173219968.0, -1173219840.0, -1173219584.0, -1173219456.0, -1173219328.0, -1173219200.0, -1173219072.0, -1173218944.0, -1173218816.0, -1173218560.0, -1173218432.0, -1173218304.0, -1173218176.0, -1173218048.0, -1173217920.0, -1173217664.0, -1173217536.0, -1173217408.0, -1173217280.0]}, "eval/log_Z_lb": -1317877120.0, "eval/log_Z_learned": -53.389217376708984, "eval/mean_log_likelihood": -1090367.0, "1-Wasserstein": 345.4029374694826, "2-Wasserstein": 345.4383356297564, "Linear_MMD": 119241.890625, "Poly_MMD": 14174934016.0, "RBF_MMD": 3.6021852493286133, "Mean_MSE": 1806.7122802734375, "Mean_L2": 42.505438243517, "Mean_L1": 33.576759338378906, "Median_MSE": 1806.369873046875, "Median_L2": 42.50141024774207, "Median_L1": 33.57373809814453, "_timestamp": 1714656674.1625562, "_runtime": 481.74759125709534, "_step": 1200, "_wandb": {"runtime": 516}}