{"train/loss": 200.10980224609375, "eval/log_Z": {"_type": "histogram", "values": [3, 4, 1, 5, 2, 11, 14, 17, 28, 49, 77, 105, 127, 133, 161, 181, 163, 161, 194, 131, 126, 91, 85, 43, 32, 25, 15, 8, 4, 1, 2, 1], "bins": [57.839359283447266, 60.2355842590332, 62.63180923461914, 65.02803039550781, 67.42425537109375, 69.82048034667969, 72.21670532226562, 74.61293029785156, 77.0091552734375, 79.40538024902344, 81.80160522460938, 84.19783020019531, 86.59405517578125, 88.99028015136719, 91.38650512695312, 93.78273010253906, 96.178955078125, 98.57518005371094, 100.97140502929688, 103.36763000488281, 105.76385498046875, 108.16007995605469, 110.55630493164062, 112.95252990722656, 115.3487548828125, 117.74497985839844, 120.14120483398438, 122.53742980957031, 124.93365478515625, 127.32987976074219, 129.72610473632812, 132.12232971191406, 134.5185546875]}, "eval/log_Z_lb": 97.30156707763672, "eval/log_Z_learned": 85.5374755859375, "eval/mean_log_likelihood": -131.6644744873047, "1-Wasserstein": 25.111864662170305, "2-Wasserstein": 25.208398171316762, "Linear_MMD": 113.0251693725586, "Poly_MMD": 21713.431640625, "RBF_MMD": 1.1196701526641846, "Mean_MSE": 1.7301722764968872, "Mean_L2": 1.3153601318638508, "Mean_L1": 1.0408233404159546, "Median_MSE": 1.7503337860107422, "Median_L2": 1.323001808770775, "Median_L1": 1.0479236841201782, "visualization/rama_pred": {"_type": "image-file", "sha256": "d7630ef0f670c6abb9d3883c9356e7f462a0d107595d191e3fe5f656f07929a7", "size": 9349, "path": "media/images/visualization/rama_pred_6200_d7630ef0f670c6abb9d3.png", "format": "png", "width": 400, "height": 400}, "visualization/rama_gt": {"_type": "image-file", "sha256": "ff90573be9c818e381459426823e6d94ec981fe99e8262d380ab9a62a85f1927", "size": 9037, "path": "media/images/visualization/rama_gt_6200_ff90573be9c818e38145.png", "format": "png", "width": 400, "height": 400}, "_timestamp": 1714746745.0639212, "_runtime": 2233.2231981754303, "_step": 6300}