{"train/loss": 376354.9375, "eval/log_Z": {"_type": "histogram", "values": [1, 2, 4, 3, 6, 14, 9, 38, 45, 77, 88, 111, 140, 159, 199, 187, 184, 210, 129, 109, 102, 49, 57, 31, 24, 6, 11, 3, 1, 0, 0, 1], "bins": [-941.0048828125, -938.905029296875, -936.80517578125, -934.705322265625, -932.60546875, -930.505615234375, -928.40576171875, -926.305908203125, -924.2060546875, -922.106201171875, -920.00634765625, -917.906494140625, -915.806640625, -913.706787109375, -911.60693359375, -909.507080078125, -907.4072265625, -905.307373046875, -903.20751953125, -901.107666015625, -899.0078125, -896.907958984375, -894.80810546875, -892.708251953125, -890.6083984375, -888.508544921875, -886.40869140625, -884.308837890625, -882.208984375, -880.109130859375, -878.00927734375, -875.909423828125, -873.8095703125]}, "eval/log_Z_lb": -908.4381713867188, "eval/log_Z_learned": 0.1283753365278244, "eval/mean_log_likelihood": -97.67073822021484, "1-Wasserstein": 18.302721427440652, "2-Wasserstein": 18.448382249531186, "Linear_MMD": 31.71224021911621, "Poly_MMD": 6354.32568359375, "RBF_MMD": 0.8791887760162354, "Mean_MSE": 0.4845866858959198, "Mean_L2": 0.6961226083786676, "Mean_L1": 0.5552652478218079, "Median_MSE": 0.49732810258865356, "Median_L2": 0.7052149336114867, "Median_L1": 0.5646704435348511, "_timestamp": 1714657616.216573, "_runtime": 93.70673394203186, "_step": 200, "_wandb": {"runtime": 132}}