{"train/loss": -5890.59375, "eval/log_Z": {"_type": "histogram", "values": [6, 6, 10, 16, 36, 59, 75, 98, 132, 127, 173, 157, 172, 144, 141, 125, 115, 104, 68, 60, 57, 44, 25, 17, 13, 7, 6, 5, 1, 0, 0, 1], "bins": [21.327625274658203, 22.72458267211914, 24.121540069580078, 25.518497467041016, 26.915454864501953, 28.31241226196289, 29.709369659423828, 31.106327056884766, 32.5032844543457, 33.90024185180664, 35.29719924926758, 36.694156646728516, 38.09111404418945, 39.48807144165039, 40.88502883911133, 42.281986236572266, 43.67893981933594, 45.075897216796875, 46.47285461425781, 47.86981201171875, 49.26676940917969, 50.663726806640625, 52.06068420410156, 53.4576416015625, 54.85459899902344, 56.251556396484375, 57.64851379394531, 59.04547119140625, 60.44242858886719, 61.839385986328125, 63.23634338378906, 64.63330078125, 66.03025817871094]}, "eval/log_Z_lb": -3775.037353515625, "eval/log_Z_learned": 0.0, "eval/mean_log_likelihood": -32.13288116455078, "1-Wasserstein": 6.5687665433883735, "2-Wasserstein": 6.60645568917214, "Linear_MMD": 0.0007860680925659835, "Poly_MMD": 44.87169647216797, "RBF_MMD": 0.2494957447052002, "Mean_MSE": 0.0005524797597900033, "Mean_L2": 0.023504887997818736, "Mean_L1": 0.019486794248223305, "Median_MSE": 0.0008419775986112654, "Median_L2": 0.02901685025310751, "Median_L1": 0.02321927435696125, "visualization/rama_pred": {"_type": "image-file", "sha256": "71493b659c9c38df552b15b867be5232f3e0cb23949bfdef3a34f9b00a7fdb1a", "size": 9210, "path": "media/images/visualization/rama_pred_4900_71493b659c9c38df552b.png", "format": "png", "width": 400, "height": 400}, "visualization/rama_gt": {"_type": "image-file", "sha256": "38f6990504e0806e3c76a130765b76eac3bc361736dbd66f7ff7223644efcdad", "size": 8791, "path": "media/images/visualization/rama_gt_4900_38f6990504e0806e3c76.png", "format": "png", "width": 400, "height": 400}, "_timestamp": 1714739343.5933206, "_runtime": 480.3831875324249, "_step": 5000, "_wandb": {"runtime": 480}}