{"train/loss": 4954.841796875, "eval/log_Z": {"_type": "histogram", "values": [2, 1, 4, 5, 17, 25, 42, 68, 70, 84, 118, 158, 165, 160, 153, 155, 140, 144, 111, 91, 77, 61, 49, 38, 22, 18, 13, 3, 1, 3, 0, 2], "bins": [46.29966354370117, 47.47346115112305, 48.64725875854492, 49.8210563659668, 50.99485397338867, 52.16865158081055, 53.34244918823242, 54.5162467956543, 55.69004440307617, 56.86384201049805, 58.03763961791992, 59.2114372253418, 60.38523483276367, 61.55903244018555, 62.73283004760742, 63.9066276550293, 65.08042907714844, 66.25422668457031, 67.42802429199219, 68.60182189941406, 69.77561950683594, 70.94941711425781, 72.12321472167969, 73.29701232910156, 74.47080993652344, 75.64460754394531, 76.81840515136719, 77.99220275878906, 79.16600036621094, 80.33979797363281, 81.51359558105469, 82.68739318847656, 83.86119079589844]}, "eval/log_Z_lb": -5624.0126953125, "eval/log_Z_learned": -0.07004596292972565, "eval/mean_log_likelihood": -66.66911315917969, "1-Wasserstein": 8.491567237138756, "2-Wasserstein": 8.523910106559965, "Linear_MMD": 7.5558271408081055, "Poly_MMD": 137.72689819335938, "RBF_MMD": 0.34198594093322754, "Mean_MSE": 0.11499848961830139, "Mean_L2": 0.3391142722126295, "Mean_L1": 0.28698858618736267, "Median_MSE": 0.11421554535627365, "Median_L2": 0.3379579047104442, "Median_L1": 0.2876571714878082, "visualization/rama_pred": {"_type": "image-file", "sha256": "daa22073fd0c491a1558bcb8b8f184c23faf0d1f7049e470be2beb52306c02f9", "size": 9395, "path": "media/images/visualization/rama_pred_2200_daa22073fd0c491a1558.png", "format": "png", "width": 400, "height": 400}, "visualization/rama_gt": {"_type": "image-file", "sha256": "d43a1af5ac0a6321af5a270c42452ab15b6d0b957bebe7ef64f948301e2f8a60", "size": 8677, "path": "media/images/visualization/rama_gt_2200_d43a1af5ac0a6321af5a.png", "format": "png", "width": 400, "height": 400}, "_timestamp": 1714738055.1979313, "_runtime": 397.96364521980286, "_step": 2300, "_wandb": {"runtime": 411}}