{"train/loss": 62333.71875, "eval/log_Z": {"_type": "histogram", "values": [3, 2, 4, 14, 15, 29, 36, 81, 98, 115, 136, 149, 185, 184, 150, 134, 133, 132, 97, 69, 63, 57, 38, 23, 20, 11, 8, 6, 2, 2, 1, 3], "bins": [48.01536560058594, 49.23309326171875, 50.45082092285156, 51.668548583984375, 52.88627624511719, 54.10400390625, 55.32173156738281, 56.539459228515625, 57.75718688964844, 58.97491455078125, 60.19264221191406, 61.410369873046875, 62.62809753417969, 63.8458251953125, 65.06355285644531, 66.28128051757812, 67.49900817871094, 68.71673583984375, 69.93446350097656, 71.15219116210938, 72.36991882324219, 73.587646484375, 74.80537414550781, 76.02310180664062, 77.24082946777344, 78.45855712890625, 79.67628479003906, 80.89401245117188, 82.11174011230469, 83.3294677734375, 84.54719543457031, 85.76492309570312, 86.98265075683594]}, "eval/log_Z_lb": -838.43603515625, "eval/log_Z_learned": -0.06720473617315292, "eval/mean_log_likelihood": -62.942230224609375, "1-Wasserstein": 8.061794168472293, "2-Wasserstein": 8.096021319445144, "Linear_MMD": 7.41415548324585, "Poly_MMD": 127.171630859375, "RBF_MMD": 0.3282153606414795, "Mean_MSE": 0.11247187107801437, "Mean_L2": 0.3353682618823886, "Mean_L1": 0.2824946343898773, "Median_MSE": 0.11242126673460007, "Median_L2": 0.3352928074602855, "Median_L1": 0.28281155228614807, "visualization/rama_pred": {"_type": "image-file", "sha256": "cf1270e264b247bdd00c012143ce6ce64202ab2186b05967f0f19a63eb33dd25", "size": 9284, "path": "media/images/visualization/rama_pred_2600_cf1270e264b247bdd00c.png", "format": "png", "width": 400, "height": 400}, "visualization/rama_gt": {"_type": "image-file", "sha256": "7f071b0bc56d30a9a7a6c5fecce6e4e58d8930a8e9a16576e3f449b27683383b", "size": 8793, "path": "media/images/visualization/rama_gt_2600_7f071b0bc56d30a9a7a6.png", "format": "png", "width": 400, "height": 400}, "_timestamp": 1714738598.1031673, "_runtime": 388.3595314025879, "_step": 2700, "_wandb": {"runtime": 397}}