{"train/loss": 8931.84765625, "eval/log_Z": {"_type": "histogram", "values": [1, 2, 2, 2, 4, 8, 12, 16, 32, 41, 48, 76, 91, 120, 125, 130, 145, 169, 180, 174, 140, 128, 96, 84, 60, 38, 32, 19, 11, 6, 5, 3], "bins": [-225.294921875, -222.4632110595703, -219.63150024414062, -216.79978942871094, -213.96807861328125, -211.13636779785156, -208.30465698242188, -205.4729461669922, -202.6412353515625, -199.8095245361328, -196.97781372070312, -194.14610290527344, -191.31439208984375, -188.48268127441406, -185.65097045898438, -182.8192596435547, -179.987548828125, -177.1558380126953, -174.32412719726562, -171.49241638183594, -168.66070556640625, -165.82899475097656, -162.99728393554688, -160.1655731201172, -157.3338623046875, -154.5021514892578, -151.67044067382812, -148.83872985839844, -146.00701904296875, -143.17530822753906, -140.34359741210938, -137.5118865966797, -134.68017578125]}, "eval/log_Z_lb": -175.32252502441406, "eval/log_Z_learned": -24.21689224243164, "eval/mean_log_likelihood": -140.66078186035156, "1-Wasserstein": 27.222561263084433, "2-Wasserstein": 27.34487772367573, "Linear_MMD": 207.46505737304688, "Poly_MMD": 60640.984375, "RBF_MMD": 1.179088830947876, "Mean_MSE": 3.1554806232452393, "Mean_L2": 1.776367254608472, "Mean_L1": 1.485682725906372, "Median_MSE": 3.213160991668701, "Median_L2": 1.7925292164058864, "Median_L1": 1.5026707649230957, "_timestamp": 1714664243.2050602, "_runtime": 1106.6404583454132, "_step": 2100, "_wandb": {"runtime": 1129}}