{"train/loss": 96.0965576171875, "eval/log_Z": {"_type": "histogram", "values": [1, 0, 0, 3, 1, 1, 16, 18, 22, 41, 54, 66, 116, 143, 143, 161, 194, 184, 192, 176, 133, 101, 91, 67, 25, 27, 10, 8, 4, 1, 0, 1], "bins": [-42.30712890625, -39.85414123535156, -37.401153564453125, -34.94816589355469, -32.49517822265625, -30.042190551757812, -27.589202880859375, -25.136215209960938, -22.6832275390625, -20.230239868164062, -17.777252197265625, -15.324264526367188, -12.87127685546875, -10.418289184570312, -7.965301513671875, -5.5123138427734375, -3.059326171875, -0.6063385009765625, 1.846649169921875, 4.2996368408203125, 6.75262451171875, 9.205612182617188, 11.658599853515625, 14.111587524414062, 16.5645751953125, 19.017562866210938, 21.470550537109375, 23.923538208007812, 26.37652587890625, 28.829513549804688, 31.282501220703125, 33.73548889160156, 36.1884765625]}, "eval/log_Z_lb": -0.6075530052185059, "eval/log_Z_learned": 20.655364990234375, "eval/mean_log_likelihood": -131.47415161132812, "1-Wasserstein": 24.47445507812507, "2-Wasserstein": 24.5759871086494, "Linear_MMD": 123.4137191772461, "Poly_MMD": 20989.0703125, "RBF_MMD": 1.1084048748016357, "Mean_MSE": 1.8216478824615479, "Mean_L2": 1.3496843640131377, "Mean_L1": 1.117243766784668, "Median_MSE": 1.8334158658981323, "Median_L2": 1.3540368775990306, "Median_L1": 1.1204715967178345, "visualization/rama": {"_type": "image-file", "sha256": "96b63ecd616e8ff438ed3654fb395fc840a560d874fd34b256340ef60e656057", "size": 17218, "path": "media/images/visualization/rama_2400_96b63ecd616e8ff438ed.png", "format": "png", "width": 1400, "height": 400}, "_timestamp": 1714734101.417512, "_runtime": 969.9726288318634, "_step": 2500, "_wandb": {"runtime": 997}}