{"train/loss": 15.032302856445312, "eval/log_Z": {"_type": "histogram", "values": [2, 1, 4, 6, 15, 23, 26, 55, 69, 92, 131, 142, 185, 175, 175, 193, 127, 130, 102, 94, 86, 51, 38, 31, 19, 7, 5, 8, 3, 2, 1, 2], "bins": [-1.32470703125, 0.0117950439453125, 1.348297119140625, 2.6847991943359375, 4.02130126953125, 5.3578033447265625, 6.694305419921875, 8.030807495117188, 9.3673095703125, 10.703811645507812, 12.040313720703125, 13.376815795898438, 14.71331787109375, 16.049819946289062, 17.386322021484375, 18.722824096679688, 20.059326171875, 21.395828247070312, 22.732330322265625, 24.068832397460938, 25.40533447265625, 26.741836547851562, 28.078338623046875, 29.414840698242188, 30.7513427734375, 32.08784484863281, 33.424346923828125, 34.76084899902344, 36.09735107421875, 37.43385314941406, 38.770355224609375, 40.10685729980469, 41.443359375]}, "eval/log_Z_lb": 18.21631622314453, "eval/log_Z_learned": 18.77599334716797, "eval/mean_log_likelihood": -150.86834716796875, "1-Wasserstein": 31.854230608940135, "2-Wasserstein": 31.940225334447547, "Linear_MMD": 586.2223510742188, "Poly_MMD": 366210.21875, "RBF_MMD": 1.2501494884490967, "Mean_MSE": 8.90121841430664, "Mean_L2": 2.98349097774849, "Mean_L1": 2.3598389625549316, "Median_MSE": 9.018086433410645, "Median_L2": 3.0030128926480892, "Median_L1": 2.3718669414520264, "_timestamp": 1714650553.8673658, "_runtime": 3147.8673458099365, "_step": 19000}