{"train/loss": 17.71532440185547, "eval/log_Z": {"_type": "histogram", "values": [1, 4, 2, 6, 19, 39, 44, 60, 104, 139, 131, 160, 152, 182, 193, 148, 143, 115, 100, 63, 48, 56, 31, 20, 18, 9, 6, 5, 0, 1, 0, 1], "bins": [-9.21533203125, -7.8860931396484375, -6.556854248046875, -5.2276153564453125, -3.89837646484375, -2.5691375732421875, -1.239898681640625, 0.0893402099609375, 1.4185791015625, 2.7478179931640625, 4.077056884765625, 5.4062957763671875, 6.73553466796875, 8.064773559570312, 9.394012451171875, 10.723251342773438, 12.052490234375, 13.381729125976562, 14.710968017578125, 16.040206909179688, 17.36944580078125, 18.698684692382812, 20.027923583984375, 21.357162475585938, 22.6864013671875, 24.015640258789062, 25.344879150390625, 26.674118041992188, 28.00335693359375, 29.332595825195312, 30.661834716796875, 31.991073608398438, 33.3203125]}, "eval/log_Z_lb": 9.233433723449707, "eval/log_Z_learned": 9.278608322143555, "eval/mean_log_likelihood": -109.8449478149414, "1-Wasserstein": 22.847739162445098, "2-Wasserstein": 22.963872670867673, "Linear_MMD": 274.9330139160156, "Poly_MMD": 83657.875, "RBF_MMD": 1.1500377655029297, "Mean_MSE": 4.162370204925537, "Mean_L2": 2.0401887669834715, "Mean_L1": 1.6412937641143799, "Median_MSE": 4.13029146194458, "Median_L2": 2.0323118515485215, "Median_L1": 1.6312443017959595, "_timestamp": 1714651535.4195876, "_runtime": 897.2039086818695, "_step": 3700}