{"train/loss": 64141775601664.0, "eval/log_Z": {"_type": "histogram", "values": [1, 2, 0, 3, 8, 11, 11, 30, 33, 58, 64, 93, 128, 137, 165, 162, 178, 151, 154, 162, 121, 119, 66, 50, 35, 32, 14, 4, 2, 3, 1, 2], "bins": [-5216768.5, -5216750.0, -5216731.5, -5216713.0, -5216694.0, -5216675.5, -5216657.0, -5216638.5, -5216620.0, -5216601.5, -5216582.5, -5216564.0, -5216545.5, -5216527.0, -5216508.5, -5216490.0, -5216471.0, -5216452.5, -5216434.0, -5216415.5, -5216397.0, -5216378.5, -5216360.0, -5216341.0, -5216322.5, -5216304.0, -5216285.5, -5216267.0, -5216248.5, -5216229.5, -5216211.0, -5216192.5, -5216174.0]}, "eval/log_Z_lb": -10963774.0, "eval/log_Z_learned": -23.066608428955078, "eval/mean_log_likelihood": -3517.589111328125, "1-Wasserstein": 24.543798083305326, "2-Wasserstein": 24.599154993136285, "Linear_MMD": 540.8157958984375, "Poly_MMD": 286437.90625, "RBF_MMD": 1.6423146724700928, "Mean_MSE": 8.19189453125, "Mean_L2": 2.862148586508045, "Mean_L1": 2.265821695327759, "Median_MSE": 8.166570663452148, "Median_L2": 2.8577212361341595, "Median_L1": 2.2613465785980225, "_timestamp": 1714653997.4078908, "_runtime": 671.9764168262482, "_step": 4300, "_wandb": {"runtime": 675}}