{"train/loss": 60.45540237426758, "eval/log_Z": {"_type": "histogram", "values": [2, 2, 3, 5, 9, 11, 28, 33, 40, 53, 69, 74, 92, 112, 155, 152, 173, 152, 148, 127, 133, 101, 106, 58, 50, 46, 22, 21, 9, 7, 5, 2], "bins": [-30.39111328125, -28.401260375976562, -26.411407470703125, -24.421554565429688, -22.43170166015625, -20.441848754882812, -18.451995849609375, -16.462142944335938, -14.4722900390625, -12.482437133789062, -10.492584228515625, -8.502731323242188, -6.51287841796875, -4.5230255126953125, -2.533172607421875, -0.5433197021484375, 1.446533203125, 3.4363861083984375, 5.426239013671875, 7.4160919189453125, 9.40594482421875, 11.395797729492188, 13.385650634765625, 15.375503540039062, 17.3653564453125, 19.355209350585938, 21.345062255859375, 23.334915161132812, 25.32476806640625, 27.314620971679688, 29.304473876953125, 31.294326782226562, 33.2841796875]}, "eval/log_Z_lb": 3.27708101272583, "eval/log_Z_learned": 5.87885046005249, "eval/mean_log_likelihood": -126.4541015625, "1-Wasserstein": 23.61381800556184, "2-Wasserstein": 23.71282612754796, "Linear_MMD": 71.45508575439453, "Poly_MMD": 13039.2265625, "RBF_MMD": 1.0808601379394531, "Mean_MSE": 1.0724002122879028, "Mean_L2": 1.0355675797783082, "Mean_L1": 0.8082953095436096, "Median_MSE": 1.086955189704895, "Median_L2": 1.0425714314640004, "Median_L1": 0.8183388710021973, "_timestamp": 1714660529.3621495, "_runtime": 1947.1420423984528, "_step": 4700, "_wandb": {"runtime": 1964}}