{"train/loss": 412929.875, "eval/log_Z": {"_type": "histogram", "values": [1, 0, 1, 3, 3, 4, 4, 11, 11, 34, 33, 52, 76, 77, 92, 127, 157, 174, 191, 186, 151, 133, 139, 85, 92, 58, 51, 20, 21, 7, 4, 2], "bins": [-1021.04296875, -1017.2950439453125, -1013.547119140625, -1009.7991943359375, -1006.05126953125, -1002.3033447265625, -998.555419921875, -994.8074951171875, -991.0595703125, -987.3116455078125, -983.563720703125, -979.8157958984375, -976.06787109375, -972.3199462890625, -968.572021484375, -964.8240966796875, -961.076171875, -957.3282470703125, -953.580322265625, -949.8323974609375, -946.08447265625, -942.3365478515625, -938.588623046875, -934.8406982421875, -931.0927734375, -927.3448486328125, -923.596923828125, -919.8489990234375, -916.10107421875, -912.3531494140625, -908.605224609375, -904.8572998046875, -901.109375]}, "eval/log_Z_lb": -951.0982666015625, "eval/log_Z_learned": -24.641319274902344, "eval/mean_log_likelihood": -150.4385986328125, "1-Wasserstein": 30.441912261962884, "2-Wasserstein": 30.57149617989554, "Linear_MMD": 368.9587707519531, "Poly_MMD": 168596.34375, "RBF_MMD": 1.2068949937820435, "Mean_MSE": 5.596494674682617, "Mean_L2": 2.3656911621516907, "Mean_L1": 2.0007522106170654, "Median_MSE": 5.688143253326416, "Median_L2": 2.384982862271009, "Median_L1": 2.0186023712158203, "_timestamp": 1714658551.8442988, "_runtime": 885.7727508544922, "_step": 2100, "_wandb": {"runtime": 906}}