{"train/loss": 2601.471923828125, "eval/log_Z": {"_type": "histogram", "values": [1, 0, 1, 1, 2, 8, 8, 16, 18, 18, 24, 23, 26, 31, 33, 41, 36, 46, 66, 71, 88, 129, 191, 224, 233, 265, 203, 120, 57, 16, 1, 3], "bins": [-13.2294921875, -9.21148681640625, -5.1934814453125, -1.17547607421875, 2.842529296875, 6.86053466796875, 10.8785400390625, 14.89654541015625, 18.91455078125, 22.93255615234375, 26.9505615234375, 30.96856689453125, 34.986572265625, 39.00457763671875, 43.0225830078125, 47.04058837890625, 51.05859375, 55.07659912109375, 59.0946044921875, 63.11260986328125, 67.130615234375, 71.14862060546875, 75.1666259765625, 79.18463134765625, 83.20263671875, 87.22064208984375, 91.2386474609375, 95.25665283203125, 99.274658203125, 103.29266357421875, 107.3106689453125, 111.32867431640625, 115.3466796875]}, "eval/log_Z_lb": 76.07928466796875, "eval/log_Z_learned": 7.981620788574219, "eval/mean_log_likelihood": -3.1867995262145996, "1-Wasserstein": 7.136362688183796, "2-Wasserstein": 7.22111954934211, "Linear_MMD": 2.5282256603240967, "Poly_MMD": 78.0455551147461, "RBF_MMD": 0.2781181335449219, "Mean_MSE": 0.040007468312978745, "Mean_L2": 0.20001866991103293, "Mean_L1": 0.16716916859149933, "Median_MSE": 0.03569101542234421, "Median_L2": 0.18892065906709146, "Median_L1": 0.1574641764163971, "visualization/rama_pred": {"_type": "image-file", "sha256": "9a9a9d1e4e05d9aae696901a7d2ce2e841e38c0b51d6fc350de73158ab8de861", "size": 9450, "path": "media/images/visualization/rama_pred_17400_9a9a9d1e4e05d9aae696.png", "format": "png", "width": 400, "height": 400}, "visualization/rama_gt": {"_type": "image-file", "sha256": "1500e478bb46acc84ed2a03a4b3b519ea6db0761b7a9e0abf5d5f6838abc58f7", "size": 8863, "path": "media/images/visualization/rama_gt_17400_1500e478bb46acc84ed2.png", "format": "png", "width": 400, "height": 400}, "_timestamp": 1714743621.3576937, "_runtime": 2126.0162246227264, "_step": 17500, "_wandb": {"runtime": 2134}}