{"train/loss": 5807156494336.0, "eval/log_Z": {"_type": "histogram", "values": [2, 3, 2, 3, 13, 11, 24, 35, 44, 56, 99, 109, 120, 157, 142, 157, 163, 172, 158, 135, 111, 92, 58, 46, 33, 23, 15, 7, 2, 5, 0, 3], "bins": [-606149.0, -606135.75, -606122.5, -606109.25, -606096.0, -606082.75, -606069.4375, -606056.1875, -606042.9375, -606029.6875, -606016.4375, -606003.1875, -605989.9375, -605976.6875, -605963.4375, -605950.1875, -605936.875, -605923.625, -605910.375, -605897.125, -605883.875, -605870.625, -605857.375, -605844.125, -605830.875, -605817.625, -605804.375, -605791.0625, -605777.8125, -605764.5625, -605751.3125, -605738.0625, -605724.8125]}, "eval/log_Z_lb": -2227363.5, "eval/log_Z_learned": -4.8918633460998535, "eval/mean_log_likelihood": -18064.37890625, "1-Wasserstein": 13.553213449001312, "2-Wasserstein": 13.57833005620817, "Linear_MMD": 122.70524597167969, "Poly_MMD": 18474.482421875, "RBF_MMD": 0.9454271793365479, "Mean_MSE": 1.866626501083374, "Mean_L2": 1.3662454029505, "Mean_L1": 1.2383220195770264, "Median_MSE": 1.8587419986724854, "Median_L2": 1.363356886025257, "Median_L1": 1.2369873523712158, "visualization/rama_pred": {"_type": "image-file", "sha256": "7c155c7305832f2c5681e9884df32790199505dde0d9b943d38a5337b9131c33", "size": 11900, "path": "media/images/visualization/rama_pred_0_7c155c7305832f2c5681.png", "format": "png", "width": 1400, "height": 400}, "visualization/rama_gt": {"_type": "image-file", "sha256": "9598680ddf3ac4ab34a83fbc56930deab54ba8e6fb12576adcded16feba38ebe", "size": 11362, "path": "media/images/visualization/rama_gt_0_9598680ddf3ac4ab34a8.png", "format": "png", "width": 1400, "height": 400}, "_timestamp": 1714734208.8815198, "_runtime": 44.0801727771759, "_step": 100, "_wandb": {"runtime": 76}}