{"train/loss": 19.760791778564453, "eval/log_Z": {"_type": "histogram", "values": [1, 0, 2, 4, 17, 24, 28, 70, 88, 118, 153, 149, 177, 186, 173, 163, 144, 134, 90, 76, 67, 53, 29, 17, 16, 9, 5, 5, 1, 0, 0, 1], "bins": [-9.72021484375, -8.362350463867188, -7.004486083984375, -5.6466217041015625, -4.28875732421875, -2.9308929443359375, -1.573028564453125, -0.2151641845703125, 1.1427001953125, 2.5005645751953125, 3.858428955078125, 5.2162933349609375, 6.57415771484375, 7.9320220947265625, 9.289886474609375, 10.647750854492188, 12.005615234375, 13.363479614257812, 14.721343994140625, 16.079208374023438, 17.43707275390625, 18.794937133789062, 20.152801513671875, 21.510665893554688, 22.8685302734375, 24.226394653320312, 25.584259033203125, 26.942123413085938, 28.29998779296875, 29.657852172851562, 31.015716552734375, 32.37358093261719, 33.7314453125]}, "eval/log_Z_lb": 9.464527130126953, "eval/log_Z_learned": 9.543492317199707, "eval/mean_log_likelihood": -109.62840270996094, "1-Wasserstein": 21.998547223567964, "2-Wasserstein": 22.1083560469082, "Linear_MMD": 238.18292236328125, "Poly_MMD": 61236.7734375, "RBF_MMD": 1.1352076530456543, "Mean_MSE": 3.5778427124023438, "Mean_L2": 1.8915186259728831, "Mean_L1": 1.5095243453979492, "Median_MSE": 3.5703999996185303, "Median_L2": 1.8895502109281272, "Median_L1": 1.5068327188491821, "_timestamp": 1714651567.770482, "_runtime": 1009.6742870807648, "_step": 4300, "_wandb": {"runtime": 1016}}