{"train/loss": 374170.5625, "eval/log_Z": {"_type": "histogram", "values": [1, 0, 0, 4, 6, 6, 13, 21, 22, 39, 58, 65, 81, 122, 125, 151, 166, 168, 163, 152, 150, 144, 104, 86, 60, 37, 26, 13, 9, 3, 3, 2], "bins": [-974.78076171875, -971.865966796875, -968.951171875, -966.0364379882812, -963.1216430664062, -960.2068481445312, -957.2921142578125, -954.3773193359375, -951.4625244140625, -948.5477294921875, -945.6329345703125, -942.7182006835938, -939.8034057617188, -936.8886108398438, -933.973876953125, -931.05908203125, -928.144287109375, -925.2294921875, -922.314697265625, -919.3999633789062, -916.4851684570312, -913.5703735351562, -910.6556396484375, -907.7408447265625, -904.8260498046875, -901.9112548828125, -898.9964599609375, -896.0817260742188, -893.1669311523438, -890.2521362304688, -887.33740234375, -884.422607421875, -881.5078125]}, "eval/log_Z_lb": -923.499755859375, "eval/log_Z_learned": -25.818775177001953, "eval/mean_log_likelihood": -131.667724609375, "1-Wasserstein": 26.63805997085567, "2-Wasserstein": 26.751287600607284, "Linear_MMD": 63.73820114135742, "Poly_MMD": 18476.19140625, "RBF_MMD": 1.1367096900939941, "Mean_MSE": 0.9538593888282776, "Mean_L2": 0.9766572524833251, "Mean_L1": 0.7998870015144348, "Median_MSE": 0.9662529826164246, "Median_L2": 0.9829816796952141, "Median_L1": 0.8100704550743103, "_timestamp": 1714657228.5126474, "_runtime": 509.3227553367615, "_step": 1200, "_wandb": {"runtime": 520}}