{"train/loss": 345.66314697265625, "eval/log_Z": {"_type": "histogram", "values": [1, 3, 6, 12, 16, 40, 67, 88, 122, 143, 177, 201, 190, 201, 162, 153, 106, 93, 71, 54, 27, 22, 15, 6, 6, 3, 2, 6, 4, 2, 0, 1], "bins": [76.400390625, 77.74630737304688, 79.09222412109375, 80.43814086914062, 81.7840576171875, 83.12997436523438, 84.47589111328125, 85.82180786132812, 87.167724609375, 88.51364135742188, 89.85955810546875, 91.20547485351562, 92.5513916015625, 93.89730834960938, 95.24322509765625, 96.58914184570312, 97.93505859375, 99.28097534179688, 100.62689208984375, 101.97280883789062, 103.3187255859375, 104.66464233398438, 106.01055908203125, 107.35647583007812, 108.702392578125, 110.04830932617188, 111.39422607421875, 112.74014282226562, 114.0860595703125, 115.43197631835938, 116.77789306640625, 118.12380981445312, 119.4697265625]}, "eval/log_Z_lb": 93.69924926757812, "eval/log_Z_learned": 67.84139251708984, "eval/mean_log_likelihood": -67.20088958740234, "1-Wasserstein": 8.49216480326652, "2-Wasserstein": 8.52554316851465, "Linear_MMD": 10.861527442932129, "Poly_MMD": 193.724853515625, "RBF_MMD": 0.3589351177215576, "Mean_MSE": 0.16813227534294128, "Mean_L2": 0.41003935828520327, "Mean_L1": 0.35193005204200745, "Median_MSE": 0.1702008694410324, "Median_L2": 0.41255408062584037, "Median_L1": 0.3533358573913574, "_timestamp": 1714647383.2326667, "_runtime": 151.77160477638245, "_step": 900, "_wandb": {"runtime": 164}}