{"train/loss": 4151.36865234375, "eval/log_Z": {"_type": "histogram", "values": [3, 4, 11, 18, 28, 37, 52, 93, 96, 123, 129, 181, 152, 168, 158, 147, 127, 113, 95, 68, 62, 37, 36, 18, 16, 9, 4, 4, 5, 2, 2, 2], "bins": [8.410886764526367, 9.59101676940918, 10.771146774291992, 11.951276779174805, 13.131406784057617, 14.31153678894043, 15.491666793823242, 16.671796798706055, 17.851926803588867, 19.03205680847168, 20.212186813354492, 21.392316818237305, 22.572446823120117, 23.75257682800293, 24.932706832885742, 26.112836837768555, 27.29296875, 28.473098754882812, 29.653228759765625, 30.833358764648438, 32.01348876953125, 33.19361877441406, 34.373748779296875, 35.55387878417969, 36.7340087890625, 37.91413879394531, 39.094268798828125, 40.27439880371094, 41.45452880859375, 42.63465881347656, 43.814788818359375, 44.99491882324219, 46.175048828125]}, "eval/log_Z_lb": -7977.42724609375, "eval/log_Z_learned": -150.9474334716797, "eval/mean_log_likelihood": -92.45631408691406, "1-Wasserstein": 13.303362324714652, "2-Wasserstein": 13.373716873654192, "Linear_MMD": 50.14979553222656, "Poly_MMD": 3278.5751953125, "RBF_MMD": 0.6734755039215088, "Mean_MSE": 0.7801037430763245, "Mean_L2": 0.8832348176313729, "Mean_L1": 0.6854698061943054, "Median_MSE": 0.7809888124465942, "Median_L2": 0.883735714140033, "Median_L1": 0.6879961490631104, "visualization/rama_pred": {"_type": "image-file", "sha256": "078125e5f183cae6f753d61dee1fb22df9ddfe79bff59448882b3c3d3dcecb68", "size": 9214, "path": "media/images/visualization/rama_pred_10900_078125e5f183cae6f753.png", "format": "png", "width": 400, "height": 400}, "visualization/rama_gt": {"_type": "image-file", "sha256": "05cfc557197ce8ace1c4efa32c79ab3d32414600f4eb8e16635cb167c7307b5d", "size": 8741, "path": "media/images/visualization/rama_gt_10900_05cfc557197ce8ace1c4.png", "format": "png", "width": 400, "height": 400}, "_timestamp": 1714737641.5704567, "_runtime": 1736.9321637153625, "_step": 11000, "_wandb": {"runtime": 1742}}